{"count": 16, "results": [{"id": 1, "type": "standard", "location": "87da7896ede09d0113d49d4ec864da9d/logo.jpg", "challenge_id": null, "page_id": null}, {"id": 2, "type": "standard", "location": "e43738d0e2fa64ff68b38b9dcee5f15e/logo_5.png", "challenge_id": null, "page_id": null}, {"id": 4, "type": "page", "location": "27ba8f675aed6d938f6d9c927d10150d/logoInvis.png", "challenge_id": null, "page_id": null}, {"id": 5, "type": "challenge", "location": "47b0da469231b24826f1acb5f46807e3/case", "challenge_id": 1, "page_id": null}, {"id": 6, "type": "challenge", "location": "11f84c63a60b562ce129a34ed65939c1/text", "challenge_id": 2, "page_id": null}, {"id": 7, "type": "challenge", "location": "1eb7d70051f6f086538824aae90d7bc2/froggy", "challenge_id": 3, "page_id": null}, {"id": 8, "type": "challenge", "location": "a11f455e1c913b2e2127970aa94cc70e/flag", "challenge_id": 6, "page_id": null}, {"id": 9, "type": "challenge", "location": "a5d33cfe87d02e306c5ede309f3e6ff9/matrix.py", "challenge_id": 6, "page_id": null}, {"id": 10, "type": "challenge", "location": "e011786ce8400f23bce68b8ced159af1/rasa_sakit.txt", "challenge_id": 7, "page_id": null}, {"id": 11, "type": "challenge", "location": "f914137c75681c13d38fe5203953dee9/end_of_life.png", "challenge_id": 13, "page_id": null}, {"id": 12, "type": "challenge", "location": "e22c5122fb75e8874bb9f478a0decc2f/gambar.png", "challenge_id": 14, "page_id": null}, {"id": 13, "type": "challenge", "location": "f6127ac6cb3a8b64f24c4b54bb9cff0f/ez", "challenge_id": 15, "page_id": null}, {"id": 14, "type": "challenge", "location": "1817d8deba8d898b8349503876cba82c/learnToReadtheMAP", "challenge_id": 16, "page_id": null}, {"id": 15, "type": "challenge", "location": "713161a5e1db4101a95aac7c01a8bd78/lottery.pyc", "challenge_id": 19, "page_id": null}, {"id": 16, "type": "challenge", "location": "57626800227001a36d814cf25f1b32db/index.php", "challenge_id": 8, "page_id": null}, {"id": 17, "type": "challenge", "location": "8f5d7c0aae7fbc625577e61b983e66d0/mengendus.zip", "challenge_id": 12, "page_id": null}], "meta": {}}