{"count": 18, "results": [{"id": 1, "challenge_id": 1, "type": "static", "content": "GKSK{3z_pz_1nt_0v3rvl0W}", "data": ""}, {"id": 2, "challenge_id": 2, "type": "static", "content": "GKSK{f0Rm4t_5TR_BrUh_737472696e6741544b}", "data": ""}, {"id": 3, "challenge_id": 3, "type": "static", "content": "GKSK{HEAP1ty_H0pp1ty_y0uR_b1n4ry_1s_n0w_mY_pR0p3rtY}", "data": ""}, {"id": 5, "challenge_id": 6, "type": "static", "content": "GKSK{b4cK_t0_sch00L_t0_l34Rn_m4tr1X}", "data": ""}, {"id": 6, "challenge_id": 7, "type": "static", "content": "GKSK{T4k_b154_m3n4h4n_RS4_54k1T}", "data": ""}, {"id": 7, "challenge_id": 8, "type": "static", "content": "GKSK{3val_b1sa_j4di_3v1l}", "data": ""}, {"id": 8, "challenge_id": 12, "type": "static", "content": "GKSK{1_5m3ll_p4ssw0rD}", "data": ""}, {"id": 9, "challenge_id": 13, "type": "static", "content": "GKSK{P14y_W1tH_St33G4n0o_End_OF_Fil3}", "data": ""}, {"id": 10, "challenge_id": 14, "type": "static", "content": "GKSK{53m4n94t_B0Squ3!!}", "data": ""}, {"id": 11, "challenge_id": 9, "type": "static", "content": "GKSK{XXE_eZ_4U_UwU}", "data": null}, {"id": 12, "challenge_id": 10, "type": "static", "content": "GKSK{w0w_4nda_k3rad}", "data": null}, {"id": 13, "challenge_id": 11, "type": "static", "content": "GKSK{w3b_8wt_W18Uuuuu_plU5_55TI_UwU}", "data": null}, {"id": 14, "challenge_id": 15, "type": "static", "content": "GKSK{2_w4ys_2_g4T_d4_fl4gG}", "data": ""}, {"id": 15, "challenge_id": 16, "type": "static", "content": "GKSK{3Z_74SK_w0n7_W457E_Ur_71m3}", "data": ""}, {"id": 18, "challenge_id": 19, "type": "static", "content": "GKSK{L0tt3rY_1s_r34L_L1f3_G4CH4}", "data": ""}, {"id": 19, "challenge_id": 20, "type": "static", "content": "GKSK{freee_flagg}", "data": null}, {"id": 20, "challenge_id": 4, "type": "static", "content": "GKSK{0LD_5K00L_15_d4_b3zt_Y00000}", "data": null}, {"id": 21, "challenge_id": 21, "type": "static", "content": "GKSK{Bl1nD_PWN1ng_15_pr3ttY_ch4ll3n91n6_3h}", "data": ""}], "meta": {}}