{"count": 6, "results": [{"id": 1, "type": "standard", "challenge_id": 6, "content": "Just a simple matrix multiplication. Can you <i>invert</i> it?", "cost": 0, "requirements": null}, {"id": 2, "type": "standard", "challenge_id": 7, "content": "Do you know how RSA works??", "cost": 0, "requirements": null}, {"id": 3, "type": "standard", "challenge_id": 11, "content": "Flask 4U", "cost": 0, "requirements": null}, {"id": 4, "type": "standard", "challenge_id": 13, "content": "Can you see something at the EOF?", "cost": 0, "requirements": null}, {"id": 5, "type": "standard", "challenge_id": 14, "content": "Gambarnya berantakan nih...</br>\r\nBisa kali dibersihin hehehe", "cost": 0, "requirements": null}, {"id": 6, "type": "standard", "challenge_id": 16, "content": "Temukan jalan buntu. Tidak semua hal perlu dicetak ;)", "cost": 0, "requirements": null}], "meta": {}}