{"count": 1, "results": [{"id": 1, "title": "None", "route": "index", "content": "<div class=\"row\">\r\n    <div class=\"col-md-6 offset-md-3\">\r\n        <img class=\"w-100 mx-auto d-block\" style=\"max-width: 500px;padding: 50px;padding-top: 14vh;\" src=\"/files/27ba8f675aed6d938f6d9c927d10150d/logoInvis.png\" />\r\n        <h3 class=\"text-center\">\r\n            <p>Selamat datang di GKSK#5 CTF</p>\r\n            <p>Format Flag: GKSK{}</p>\r\n        </h3>\r\n        <br>\r\n    </div>\r\n</div>", "draft": 0, "hidden": 0, "auth_required": 0}], "meta": {}}