{"count": 47, "results": [{"id": 6, "challenge_id": 20, "user_id": 2, "team_id": null}, {"id": 7, "challenge_id": 20, "user_id": 8, "team_id": null}, {"id": 8, "challenge_id": 20, "user_id": 12, "team_id": null}, {"id": 9, "challenge_id": 20, "user_id": 7, "team_id": null}, {"id": 10, "challenge_id": 20, "user_id": 5, "team_id": null}, {"id": 11, "challenge_id": 20, "user_id": 14, "team_id": null}, {"id": 12, "challenge_id": 20, "user_id": 9, "team_id": null}, {"id": 14, "challenge_id": 20, "user_id": 3, "team_id": null}, {"id": 15, "challenge_id": 20, "user_id": 13, "team_id": null}, {"id": 16, "challenge_id": 20, "user_id": 4, "team_id": null}, {"id": 17, "challenge_id": 20, "user_id": 10, "team_id": null}, {"id": 18, "challenge_id": 20, "user_id": 6, "team_id": null}, {"id": 19, "challenge_id": 20, "user_id": 11, "team_id": null}, {"id": 20, "challenge_id": 1, "user_id": 2, "team_id": null}, {"id": 21, "challenge_id": 15, "user_id": 7, "team_id": null}, {"id": 22, "challenge_id": 2, "user_id": 2, "team_id": null}, {"id": 23, "challenge_id": 8, "user_id": 8, "team_id": null}, {"id": 24, "challenge_id": 15, "user_id": 2, "team_id": null}, {"id": 25, "challenge_id": 8, "user_id": 2, "team_id": null}, {"id": 26, "challenge_id": 1, "user_id": 13, "team_id": null}, {"id": 27, "challenge_id": 9, "user_id": 2, "team_id": null}, {"id": 28, "challenge_id": 4, "user_id": 10, "team_id": null}, {"id": 29, "challenge_id": 1, "user_id": 10, "team_id": null}, {"id": 31, "challenge_id": 12, "user_id": 8, "team_id": null}, {"id": 32, "challenge_id": 3, "user_id": 2, "team_id": null}, {"id": 35, "challenge_id": 10, "user_id": 2, "team_id": null}, {"id": 36, "challenge_id": 12, "user_id": 10, "team_id": null}, {"id": 38, "challenge_id": 8, "user_id": 5, "team_id": null}, {"id": 39, "challenge_id": 11, "user_id": 2, "team_id": null}, {"id": 40, "challenge_id": 4, "user_id": 5, "team_id": null}, {"id": 41, "challenge_id": 12, "user_id": 2, "team_id": null}, {"id": 42, "challenge_id": 9, "user_id": 5, "team_id": null}, {"id": 43, "challenge_id": 1, "user_id": 3, "team_id": null}, {"id": 44, "challenge_id": 8, "user_id": 6, "team_id": null}, {"id": 45, "challenge_id": 9, "user_id": 6, "team_id": null}, {"id": 46, "challenge_id": 4, "user_id": 9, "team_id": null}, {"id": 47, "challenge_id": 11, "user_id": 5, "team_id": null}, {"id": 48, "challenge_id": 19, "user_id": 2, "team_id": null}, {"id": 51, "challenge_id": 11, "user_id": 8, "team_id": null}, {"id": 52, "challenge_id": 7, "user_id": 2, "team_id": null}, {"id": 53, "challenge_id": 11, "user_id": 6, "team_id": null}, {"id": 54, "challenge_id": 10, "user_id": 6, "team_id": null}, {"id": 65, "challenge_id": 4, "user_id": 7, "team_id": null}, {"id": 66, "challenge_id": 10, "user_id": 5, "team_id": null}, {"id": 67, "challenge_id": 9, "user_id": 8, "team_id": null}, {"id": 69, "challenge_id": 16, "user_id": 2, "team_id": null}, {"id": 70, "challenge_id": 8, "user_id": 22, "team_id": null}], "meta": {}}