{"count": 21, "results": [{"id": 1, "oauth_id": null, "name": "anehman", "password": "$bcrypt-sha256$2b,12$X..YO1aLsf0orJlbTtobM.$gKlhiqoVMeNjQQQZOeABxtQcAvVETwK", "email": "ene.prama@gmail.com", "type": "admin", "secret": null, "website": null, "affiliation": null, "country": null, "bracket": null, "hidden": 1, "banned": 0, "verified": 0, "team_id": null, "created": "2020-02-26T03:39:48"}, {"id": 2, "oauth_id": null, "name": "Pram jago bangeettt ngeeettt ngeeeettsssss", "password": "$bcrypt-sha256$2b,12$iud8swg3EajCIsMRbBesf.$cwCROpRSsvaZ097VYgIY3fcldSCoFSK", "email": "christophergin88@gmail.com", "type": "user", "secret": null, "website": "http://www.pram.com", "affiliation": "STIKOM DenPRAMsar", "country": "KR", "bracket": null, "hidden": 0, "banned": 0, "verified": 0, "team_id": null, "created": "2020-02-26T08:41:59"}, {"id": 3, "oauth_id": null, "name": "nm_blank", "password": "$bcrypt-sha256$2b,12$5mq.hP/as/W2XxhsrdQ4C.$pyZVPbNlgW.DQIu2bMWs.bIDPJY/.OG", "email": "aldowisnu93@gmail.com", "type": "user", "secret": null, "website": null, "affiliation": "Institut Teknologi dan Bisnis STIKOM Bali", "country": "", "bracket": null, "hidden": 0, "banned": 0, "verified": 0, "team_id": null, "created": "2020-02-26T08:44:21"}, {"id": 4, "oauth_id": null, "name": "I Putu Purwa Wiadnyana Putra", "password": "$bcrypt-sha256$2b,12$a1L1ktTHvFx2HbyMfuiSkO$OrraP324bJ/WAr.0O3Q7cHBUQlRP8L.", "email": "purwa12312356@gmail.com", "type": "user", "secret": null, "website": null, "affiliation": "Institut Teknologi dan Bisnis STIKOM Bali", "country": "", "bracket": null, "hidden": 0, "banned": 0, "verified": 0, "team_id": null, "created": "2020-02-26T08:49:05"}, {"id": 5, "oauth_id": null, "name": "ohternyata", "password": "$bcrypt-sha256$2b,12$1//9cpDs3H7ywaHOgX/JGu$xEKTeVIOJjYlnLiQNFMMIrCYTOBDx0.", "email": "mangokky@gmail.com", "type": "user", "secret": null, "website": null, "affiliation": "Universitas Teknologi Nanyang", "country": "GL", "bracket": null, "hidden": 0, "banned": 0, "verified": 0, "team_id": null, "created": "2020-02-26T08:51:17"}, {"id": 6, "oauth_id": null, "name": "welcome2life", "password": "$bcrypt-sha256$2b,12$rRIUHGijzjN.GJFPybJdJe$6OV3jYJdwEXQNvWZuzgawFCOVmfo6re", "email": "paulusbsimanjuntak@gmail.com", "type": "user", "secret": null, "website": null, "affiliation": "Universitas Warmadewa", "country": "CI", "bracket": null, "hidden": 0, "banned": 0, "verified": 0, "team_id": null, "created": "2020-02-26T08:52:38"}, {"id": 7, "oauth_id": null, "name": "Fajar Alnito", "password": "$bcrypt-sha256$2b,12$/bJgjpydvd5eVYIBY.Nqye$z1fvsEjO2udZ/dK52Z/SMzyd5./n1Au", "email": "fajaralnito.02@gmail.com", "type": "user", "secret": null, "website": null, "affiliation": "Institut Teknologi dan Bisnis STIKOM Bali", "country": "", "bracket": null, "hidden": 0, "banned": 0, "verified": 0, "team_id": null, "created": "2020-02-26T08:54:36"}, {"id": 8, "oauth_id": null, "name": "take_7hls", "password": "$bcrypt-sha256$2b,12$IegyFT9RmeOUPaRzKtbAXe$aGomlK9UCYdOv.UvyZdb4kFWMkN8.aS", "email": "madewahyudi22@gmail.com", "type": "user", "secret": null, "website": null, "affiliation": "ITEBE SETIKOM BALI", "country": "ZW", "bracket": null, "hidden": 0, "banned": 0, "verified": 0, "team_id": null, "created": "2020-02-26T08:55:50"}, {"id": 9, "oauth_id": null, "name": "frsh", "password": "$bcrypt-sha256$2b,12$CTFjTRzI19VYqK2.2IqfDO$SpSUx5PMn/yMoPJHzfofhaDwQguMMhK", "email": "geodita.samsung@gmail.com", "type": "user", "secret": null, "website": "https://www.youtube.com/watch?v=_83KqwEEGw4&list=RDZoKuGTJP-v8&index=2", "affiliation": "ITB ATLANTIS", "country": "BM", "bracket": null, "hidden": 0, "banned": 0, "verified": 0, "team_id": null, "created": "2020-02-26T08:58:16"}, {"id": 10, "oauth_id": null, "name": "GajahAlbino", "password": "$bcrypt-sha256$2b,12$E9miif/a2/k42MgxZAumau$OxFJ9xu99jSslloHvBJFZyL2nhGJXji", "email": "mahadipa.agung@gmail.com", "type": "user", "secret": null, "website": null, "affiliation": "Universitas Hog Wards", "country": "AC", "bracket": null, "hidden": 0, "banned": 0, "verified": 0, "team_id": null, "created": "2020-02-26T08:59:02"}, {"id": 11, "oauth_id": null, "name": ":v", "password": "$bcrypt-sha256$2b,12$6rssFg.k1xKXxJX8yH8nZe$wPFjA/57tX1ZagfjTLFmly8RLvQkbI6", "email": "wicaksana0701@gmail.com", "type": "user", "secret": null, "website": "http://localhost", "affiliation": "Universitas", "country": "SG", "bracket": null, "hidden": 0, "banned": 0, "verified": 0, "team_id": null, "created": "2020-02-26T08:59:57"}, {"id": 12, "oauth_id": null, "name": "   ", "password": "$bcrypt-sha256$2b,12$3rLkPVFEGCaDZZNDk2q9.O$TqJAV4Wk1InenOCIFgVaqBWsulOZviG", "email": "komangadisuryanata@gmail.com", "type": "user", "secret": null, "website": null, "affiliation": "Institut Teknologi dan Bisnis STIKOM Bali", "country": "", "bracket": null, "hidden": 0, "banned": 0, "verified": 0, "team_id": null, "created": "2020-02-26T09:02:45"}, {"id": 13, "oauth_id": null, "name": "Ikan tongkol", "password": "$bcrypt-sha256$2b,12$2fDpHwoh5NeNZaCpD40Gm.$3uHh47FzcNf.riuGWoHrQ0QIGyhb/zy", "email": "agungadhika@gmail.com", "type": "user", "secret": null, "website": null, "affiliation": "Universitas Bengkulu", "country": "EG", "bracket": null, "hidden": 0, "banned": 0, "verified": 0, "team_id": null, "created": "2020-02-26T09:04:10"}, {"id": 14, "oauth_id": null, "name": "NoPain", "password": "$bcrypt-sha256$2b,12$BU5x.iVpEqY8ZqbFG7iC0u$sPmzkmS90mGz.oiFY3BRu/XSjPnGPNa", "email": "yoelindra1@gmail.com", "type": "user", "secret": null, "website": null, "affiliation": "Institut Teknologi dan Bisnis STIKOM Bali", "country": "IL", "bracket": null, "hidden": 0, "banned": 0, "verified": 0, "team_id": null, "created": "2020-02-26T09:05:25"}, {"id": 15, "oauth_id": null, "name": "JinXPro\u2022Um4R", "password": "$bcrypt-sha256$2b,12$0GAp69yieUSMNxWfbaEa3e$qaSJsa93BgmSr6PhTJkstU33A.Aqj7e", "email": "adccoc93@gmail.com", "type": "admin", "secret": null, "website": null, "affiliation": null, "country": null, "bracket": null, "hidden": 1, "banned": 0, "verified": 0, "team_id": null, "created": "2020-03-01T10:16:27"}, {"id": 17, "oauth_id": null, "name": "nothingLastForever", "password": "$bcrypt-sha256$2b,12$sbPEZTLpxr0Fq7bWGXCSo.$.ghsIDxmKisYV1JeHzftT8sFY53DqrG", "email": "kadekteguhmahesa@gmail.com", "type": "admin", "secret": null, "website": null, "affiliation": null, "country": "", "bracket": null, "hidden": 1, "banned": 0, "verified": 0, "team_id": null, "created": "2020-03-01T14:52:46"}, {"id": 20, "oauth_id": null, "name": "Eugene", "password": "$bcrypt-sha256$2b,12$hu8vI3aHNOGRuXQ9Kbf6l.$YER10fZB8FDyplaEQ1axyfZY3Txp2Ve", "email": "useless@yahoo.ac.id", "type": "admin", "secret": null, "website": null, "affiliation": null, "country": null, "bracket": null, "hidden": 1, "banned": 0, "verified": 0, "team_id": null, "created": "2020-03-02T10:04:22"}, {"id": 21, "oauth_id": null, "name": "raid3k", "password": "$bcrypt-sha256$2b,12$FO2eXzQOIV0.9KIisNbIO.$J1doutlOJSdAaA5R5exj53McTE7mgJe", "email": "fullstacknolep@gmail.com", "type": "admin", "secret": null, "website": null, "affiliation": null, "country": null, "bracket": null, "hidden": 1, "banned": 0, "verified": 0, "team_id": null, "created": "2020-03-02T10:05:59"}, {"id": 22, "oauth_id": null, "name": "wayans26", "password": "$bcrypt-sha256$2b,12$nVWOxc34EvBPWZPWv2qC6u$G7eO0CHHkX6lVzQutfO8BanghSav00u", "email": "wayan.setiawan98@gmail.com", "type": "user", "secret": null, "website": null, "affiliation": null, "country": null, "bracket": null, "hidden": 0, "banned": 0, "verified": 0, "team_id": null, "created": "2020-03-04T15:22:47"}, {"id": 23, "oauth_id": null, "name": "New0n", "password": "$bcrypt-sha256$2b,12$RdB3koEt7idsIK4K3VSELO$hiUk/HXLtUhSf/aqumHLgi9/IW7KuAe", "email": "dar_221@yahoo.com", "type": "user", "secret": null, "website": null, "affiliation": null, "country": null, "bracket": null, "hidden": 0, "banned": 0, "verified": 0, "team_id": null, "created": "2020-03-04T15:26:00"}, {"id": 24, "oauth_id": null, "name": "ohtidak", "password": "$bcrypt-sha256$2b,12$RKFlPyVwekRVFkNBSUmuNu$uXtIrHYOQjc3/UdFAZYBWTkmbSb3CAG", "email": "w@w.com", "type": "user", "secret": null, "website": null, "affiliation": null, "country": null, "bracket": null, "hidden": 0, "banned": 0, "verified": 0, "team_id": null, "created": "2020-03-04T15:29:47"}], "meta": {}}